timestamp,cpu,label,phase,anomaly_id,target_service
2026-06-11T07:44:24.529432+00:00,0.00020265600650450527,normal,baseline,0,search
2026-06-11T07:44:39.547353+00:00,0.0003065594879518072,normal,baseline,0,search
2026-06-11T07:44:54.580935+00:00,0.0003653018249883014,normal,baseline,0,search
2026-06-11T07:45:09.597248+00:00,0.0002720741472645395,normal,baseline,0,search
2026-06-11T07:45:24.630978+00:00,0.00031732335088721083,normal,baseline,0,search
2026-06-11T07:45:39.641296+00:00,0.00022239549766078838,normal,baseline,0,search
2026-06-11T07:45:54.649476+00:00,0.000308742346682727,normal,baseline,0,search
2026-06-11T07:46:09.676027+00:00,0.00020256228402366889,normal,baseline,0,search
2026-06-11T07:46:24.764507+00:00,0.00019031265891602533,normal,baseline,0,search
2026-06-11T07:46:39.768778+00:00,0.0002845431931252824,normal,baseline,0,search
2026-06-11T07:46:54.774694+00:00,0.00023632228250730687,normal,baseline,0,search
2026-06-11T07:47:09.789773+00:00,0.0001714242604018351,normal,baseline,0,search
2026-06-11T07:47:24.813638+00:00,0.00023833099467845655,normal,baseline,0,search
2026-06-11T07:47:39.819657+00:00,0.0002470893283847681,normal,baseline,0,search
2026-06-11T07:47:54.830682+00:00,0.00022877164140905584,normal,baseline,0,search
2026-06-11T07:48:09.848507+00:00,0.00019459227041586957,normal,baseline,0,search
2026-06-11T07:48:24.859904+00:00,0.0003282551561316763,normal,baseline,0,search
2026-06-11T07:48:39.869262+00:00,0.0003067160595458601,normal,baseline,0,search
2026-06-11T07:48:54.889425+00:00,0.00027086022883519964,normal,baseline,0,search
2026-06-11T07:49:09.896869+00:00,0.0002622411744738631,normal,baseline,0,search
2026-06-11T07:49:24.905559+00:00,0.0002019740770662828,normal,baseline,0,search
2026-06-11T07:49:39.912033+00:00,0.0004052564836128461,normal,baseline,0,search
2026-06-11T07:49:54.927267+00:00,0.00035159913066043816,normal,baseline,0,search
2026-06-11T07:50:09.946622+00:00,0.00021082164895644764,normal,baseline,0,search
2026-06-11T07:50:24.969057+00:00,0.00016648822269807337,normal,baseline,0,search
2026-06-11T07:50:39.974964+00:00,0.00020020458863071735,normal,baseline,0,search
2026-06-11T07:50:55.002601+00:00,0.00016891001905585976,normal,baseline,0,search
2026-06-11T07:51:10.024473+00:00,0.0001473874629455572,normal,baseline,0,search
2026-06-11T07:51:25.054344+00:00,0.00021133666178361146,normal,baseline,0,search
2026-06-11T07:51:40.066005+00:00,0.00019398279607892241,normal,baseline,0,search
2026-06-11T07:51:55.088155+00:00,0.00021409971982838306,normal,baseline,0,search
2026-06-11T07:52:10.096536+00:00,0.00023355700640793084,normal,baseline,0,search
2026-06-11T07:52:25.102707+00:00,0.0002000618994315836,normal,baseline,0,search
2026-06-11T07:52:40.122657+00:00,0.0002894071485998018,normal,baseline,0,search
2026-06-11T07:52:55.132380+00:00,0.00020656104266461036,normal,baseline,0,search
2026-06-11T07:53:10.143858+00:00,0.00022673693322131482,normal,baseline,0,search
2026-06-11T07:53:25.161249+00:00,0.0002597292098253921,normal,baseline,0,search
2026-06-11T07:53:40.170204+00:00,0.0002000901491811238,normal,baseline,0,search
2026-06-11T07:53:55.181445+00:00,0.0001642662795153731,normal,baseline,0,search
2026-06-11T07:54:10.212753+00:00,0.00018932437494016715,normal,baseline,0,search
2026-06-11T07:54:25.222078+00:00,0.0002309262172720683,normal,baseline,0,search
2026-06-11T07:54:40.230458+00:00,0.00026793721973094236,normal,baseline,0,search
2026-06-11T07:54:55.236315+00:00,0.00021424939259041874,normal,baseline,0,search
2026-06-11T07:55:10.244606+00:00,0.00017507051732552347,normal,baseline,0,search
2026-06-11T07:55:25.252959+00:00,0.0001778652995157323,normal,baseline,0,search
2026-06-11T07:55:40.273895+00:00,0.00026540509329154297,normal,baseline,0,search
2026-06-11T07:55:55.283267+00:00,0.0002805554915824134,normal,baseline,0,search
2026-06-11T07:56:10.297916+00:00,0.0002293546960751162,normal,baseline,0,search
2026-06-11T07:56:25.307354+00:00,0.0002382956662862035,normal,baseline,0,search
2026-06-11T07:56:40.313680+00:00,0.00033004739336493007,normal,baseline,0,search
2026-06-11T07:56:55.322758+00:00,0.0003519953461314718,normal,baseline,0,search
2026-06-11T07:57:10.354852+00:00,0.0002554581840745541,normal,baseline,0,search
2026-06-11T07:57:25.365360+00:00,0.0002071276716866998,normal,baseline,0,search
2026-06-11T07:57:40.373217+00:00,0.00019323006389290276,normal,baseline,0,search
2026-06-11T07:57:55.382778+00:00,0.0002455328539901757,normal,baseline,0,search
2026-06-11T07:58:10.389973+00:00,0.00025455444968278926,normal,baseline,0,search
2026-06-11T07:58:25.422835+00:00,0.00011889999999999956,normal,baseline,0,search
2026-06-11T07:58:40.427817+00:00,0.0002387005649717511,normal,baseline,0,search
2026-06-11T07:58:55.448085+00:00,0.0002513833554670219,normal,baseline,0,search
2026-06-11T07:59:10.469568+00:00,0.00017842266541778564,normal,baseline,0,search
2026-06-11T07:59:25.480707+00:00,0.00017038603616873334,normal,baseline,0,search
2026-06-11T07:59:40.511200+00:00,0.00019278141213625082,normal,baseline,0,search
2026-06-11T07:59:55.522747+00:00,0.00019545340538568585,normal,baseline,0,search
2026-06-11T08:00:10.530871+00:00,0.00019420214714714674,normal,baseline,0,search
2026-06-11T08:00:25.542041+00:00,0.0004456930515759309,normal,baseline,0,search
2026-06-11T08:00:40.554308+00:00,0.00035662535808371796,normal,baseline,0,search
2026-06-11T08:00:55.566935+00:00,0.0005674703700352839,normal,baseline,0,search
2026-06-11T08:01:10.573104+00:00,0.0003421486111424506,normal,baseline,0,search
2026-06-11T08:01:25.582132+00:00,0.0002816014421730616,normal,baseline,0,search
2026-06-11T08:01:40.624659+00:00,0.00029333902647310094,normal,baseline,0,search
2026-06-11T08:01:55.711155+00:00,0.00028407709897610925,normal,baseline,0,search
2026-06-11T08:02:10.727028+00:00,0.0002102005447867578,normal,baseline,0,search
2026-06-11T08:02:25.781448+00:00,0.00021713735859432346,normal,baseline,0,search
2026-06-11T08:02:40.800600+00:00,0.00029084810270549755,normal,baseline,0,search
2026-06-11T08:02:55.811631+00:00,0.00029897381089055074,normal,baseline,0,search
2026-06-11T08:03:10.825053+00:00,0.00020750829653709785,normal,baseline,0,search
2026-06-11T08:03:25.851247+00:00,0.00017593686340592308,normal,baseline,0,search
2026-06-11T08:03:40.856609+00:00,0.00022405113271802983,normal,baseline,0,search
2026-06-11T08:03:55.863322+00:00,0.00019687308620627535,normal,baseline,0,search
2026-06-11T08:04:10.871679+00:00,0.0001563333333333324,normal,baseline,0,search
2026-06-11T08:04:25.892506+00:00,0.00023096644023699086,normal,baseline,0,search
2026-06-11T08:04:40.906098+00:00,0.00021058161987113817,normal,baseline,0,search
2026-06-11T08:04:55.940254+00:00,0.00043347936361540234,normal,baseline,0,search
2026-06-11T08:05:10.952203+00:00,0.0004154082416176089,normal,baseline,0,search
2026-06-11T08:05:25.971394+00:00,0.00019774163903966326,normal,baseline,0,search
2026-06-11T08:05:40.991573+00:00,0.00021733251697623397,normal,baseline,0,search
2026-06-11T08:05:56.013341+00:00,0.00025267399496304714,normal,baseline,0,search
2026-06-11T08:06:11.028495+00:00,0.0003141641807535078,normal,baseline,0,search
2026-06-11T08:06:26.033892+00:00,0.0002370231151687341,normal,baseline,0,search
2026-06-11T08:06:41.065249+00:00,0.00019761331340442746,normal,baseline,0,search
2026-06-11T08:06:56.091881+00:00,0.00026489253846073853,normal,baseline,0,search
2026-06-11T08:07:11.112089+00:00,0.0002548819069853158,normal,baseline,0,search
2026-06-11T08:07:26.125107+00:00,0.00026374732603498356,normal,baseline,0,search
2026-06-11T08:07:41.146897+00:00,0.00024383898850317422,normal,baseline,0,search
2026-06-11T08:07:56.154356+00:00,0.00026743486656747635,normal,baseline,0,search
2026-06-11T08:08:11.164510+00:00,0.00029327149080197085,normal,baseline,0,search
2026-06-11T08:08:26.171283+00:00,0.00029129162417416776,normal,baseline,0,search
2026-06-11T08:08:41.182059+00:00,0.0002201046131404944,normal,baseline,0,search
2026-06-11T08:08:56.193206+00:00,0.0002531476216642363,normal,baseline,0,search
2026-06-11T08:09:11.215647+00:00,0.00022352409054685645,normal,baseline,0,search
2026-06-11T08:09:26.241735+00:00,0.00022136456993251467,normal,baseline,0,search
2026-06-11T08:09:41.251587+00:00,0.00020366767939498698,normal,baseline,0,search
2026-06-11T08:09:56.269224+00:00,0.00023237064563096384,normal,baseline,0,search
2026-06-11T08:10:11.292688+00:00,0.00023977128930965035,normal,baseline,0,search
2026-06-11T08:10:26.302856+00:00,0.00031043542700590483,normal,baseline,0,search
2026-06-11T08:10:41.307305+00:00,0.0003004669403252295,normal,baseline,0,search
2026-06-11T08:10:56.318011+00:00,0.00029460000000000044,normal,baseline,0,search
2026-06-11T08:11:11.325417+00:00,0.0004147279721560729,normal,baseline,0,search
2026-06-11T08:11:26.342168+00:00,0.0003686252771924963,normal,baseline,0,search
2026-06-11T08:11:41.353634+00:00,0.0003659390075064919,normal,baseline,0,search
2026-06-11T08:11:56.363572+00:00,0.00039118368777751937,normal,baseline,0,search
2026-06-11T08:12:11.394036+00:00,0.00037120068980383734,normal,baseline,0,search
2026-06-11T08:12:26.414895+00:00,0.00025906280221551326,normal,baseline,0,search
2026-06-11T08:12:41.423106+00:00,0.0003854297872340406,normal,baseline,0,search
2026-06-11T08:12:56.430155+00:00,0.00033983655151486106,normal,baseline,0,search
2026-06-11T08:13:11.440898+00:00,0.00029650441429802027,normal,baseline,0,search
2026-06-11T08:13:26.452039+00:00,0.00025195072335777973,normal,baseline,0,search
2026-06-11T08:13:41.456640+00:00,0.00017979869416845945,normal,baseline,0,search
2026-06-11T08:13:56.488160+00:00,0.00015908596153215647,normal,baseline,0,search
2026-06-11T08:14:11.502341+00:00,0.0001858136455043799,normal,baseline,0,search
2026-06-11T08:14:26.508524+00:00,0.000271148851731885,normal,baseline,0,search
2026-06-11T08:14:41.516404+00:00,0.0002217658590616555,normal,baseline,0,search
2026-06-11T08:14:56.615987+00:00,0.0002198403517742234,normal,baseline,0,search
2026-06-11T08:15:11.642030+00:00,0.0002711926493482708,normal,baseline,0,search
2026-06-11T08:15:26.648597+00:00,0.00028266388906972285,normal,baseline,0,search
2026-06-11T08:15:41.671207+00:00,0.00019342499999999984,normal,baseline,0,search
2026-06-11T08:15:56.692526+00:00,0.00027345552630355546,normal,baseline,0,search
2026-06-11T08:16:11.702840+00:00,0.0003379701843659712,normal,baseline,0,search
2026-06-11T08:16:26.734042+00:00,0.0003872410410294886,normal,baseline,0,search
2026-06-11T08:16:41.747578+00:00,0.0003505973603926237,normal,baseline,0,search
2026-06-11T08:16:56.758993+00:00,0.00028638001061148584,normal,baseline,0,search
2026-06-11T08:17:11.769847+00:00,0.00036261620912173145,normal,baseline,0,search
2026-06-11T08:17:26.782016+00:00,0.0003559097846362559,normal,baseline,0,search
2026-06-11T08:17:41.794425+00:00,0.00028705898005559286,normal,baseline,0,search
2026-06-11T08:17:56.799506+00:00,0.0002770560762408747,normal,baseline,0,search
2026-06-11T08:18:11.806542+00:00,0.0002702836275774955,normal,baseline,0,search
2026-06-11T08:18:26.813412+00:00,0.00024161148827983096,normal,baseline,0,search
2026-06-11T08:18:41.822806+00:00,0.0002117511465884665,normal,baseline,0,search
2026-06-11T08:18:56.831414+00:00,0.00027616165605846404,normal,baseline,0,search
2026-06-11T08:19:11.855271+00:00,0.00025451924474959617,normal,baseline,0,search
2026-06-11T08:19:26.879911+00:00,0.00017938807471264303,normal,baseline,0,search
2026-06-11T08:19:41.906584+00:00,0.00022129487597911246,normal,baseline,0,search
2026-06-11T08:19:56.920895+00:00,0.00029237104464672803,normal,baseline,0,search
2026-06-11T08:20:11.932654+00:00,0.0002127337454212456,normal,baseline,0,search
2026-06-11T08:20:26.945812+00:00,0.00017677499999999846,normal,baseline,0,search
2026-06-11T08:20:41.974993+00:00,0.00023470973195262245,normal,baseline,0,search
2026-06-11T08:20:56.993502+00:00,0.00022915323675117707,normal,baseline,0,search
2026-06-11T08:21:12.008385+00:00,0.00021172621721630744,normal,baseline,0,search
2026-06-11T08:21:27.026416+00:00,0.0002463329395550289,normal,baseline,0,search
2026-06-11T08:21:42.034761+00:00,0.0002947415840773158,normal,baseline,0,search
2026-06-11T08:21:57.048321+00:00,0.0003301980135711951,normal,baseline,0,search
2026-06-11T08:22:12.070460+00:00,0.000365061469909273,normal,baseline,0,search
2026-06-11T08:22:27.085132+00:00,0.0002619712960199679,normal,baseline,0,search
2026-06-11T08:22:42.130326+00:00,0.00019867076991867053,normal,baseline,0,search
2026-06-11T08:22:57.139880+00:00,0.00029846856627105384,normal,baseline,0,search
2026-06-11T08:23:12.152737+00:00,0.00030326661467810606,normal,baseline,0,search
2026-06-11T08:23:27.178706+00:00,0.00023862938419266205,normal,baseline,0,search
2026-06-11T08:23:42.192338+00:00,0.0001760499999999998,normal,baseline,0,search
2026-06-11T08:23:57.219632+00:00,0.0002086692061784519,normal,baseline,0,search
2026-06-11T08:24:12.232581+00:00,0.0002393714856271993,normal,baseline,0,search
2026-06-11T08:24:27.245515+00:00,0.0002099867326016153,normal,baseline,0,search
2026-06-11T08:24:42.257881+00:00,0.00019105058365758717,normal,baseline,0,search
2026-06-11T08:24:57.265094+00:00,0.0003156514135820463,normal,baseline,0,search
2026-06-11T08:25:12.280634+00:00,0.00031907893881923403,normal,baseline,0,search
2026-06-11T08:25:27.289728+00:00,0.0003346838804193562,normal,baseline,0,search
2026-06-11T08:25:42.298685+00:00,0.00022110077274877657,normal,baseline,0,search
2026-06-11T08:25:57.318377+00:00,0.00012137462102837843,normal,baseline,0,search
2026-06-11T08:26:12.343183+00:00,0.0002670521534332294,normal,baseline,0,search
2026-06-11T08:26:27.378183+00:00,0.00028190836730731936,normal,baseline,0,search
2026-06-11T08:26:42.385780+00:00,0.0002481366807187876,normal,baseline,0,search
2026-06-11T08:26:57.413011+00:00,0.00021960201476902577,normal,baseline,0,search
2026-06-11T08:27:12.427592+00:00,0.00028333176538300486,normal,baseline,0,search
2026-06-11T08:27:27.450893+00:00,0.0003625027168006953,normal,baseline,0,search
2026-06-11T08:27:42.455480+00:00,0.0002533913961467398,normal,baseline,0,search
2026-06-11T08:27:57.464212+00:00,0.00027731747452293664,normal,baseline,0,search
2026-06-11T08:28:12.473387+00:00,0.0003109083394270811,normal,baseline,0,search
2026-06-11T08:28:27.481580+00:00,0.00036046378667642544,normal,baseline,0,search
2026-06-11T08:28:42.507160+00:00,0.0002435992837372201,normal,baseline,0,search
2026-06-11T08:28:57.521458+00:00,0.0002479626692089511,normal,baseline,0,search
2026-06-11T08:29:12.542954+00:00,0.00020126227477477315,normal,baseline,0,search
2026-06-11T08:29:27.552785+00:00,0.0002636880915055468,normal,baseline,0,search
2026-06-11T08:29:42.565241+00:00,0.00022474104262183662,normal,baseline,0,search
2026-06-11T08:29:57.570204+00:00,0.00010015434685612094,normal,baseline,0,search
2026-06-11T08:30:12.577380+00:00,0.00021441388448112102,normal,baseline,0,search
2026-06-11T08:30:27.606967+00:00,0.00021482601298152703,normal,baseline,0,search
2026-06-11T08:30:42.614140+00:00,0.0001861174597855221,normal,baseline,0,search
2026-06-11T08:30:57.652036+00:00,0.00015858198410235162,normal,baseline,0,search
2026-06-11T08:31:12.657046+00:00,0.0002736132501830481,normal,baseline,0,search
2026-06-11T08:31:27.684895+00:00,0.0003069928444111494,normal,baseline,0,search
2026-06-11T08:31:42.697634+00:00,0.00022287500000000015,normal,baseline,0,search
2026-06-11T08:31:57.709026+00:00,0.00034759273157308144,normal,baseline,0,search
2026-06-11T08:32:12.722425+00:00,0.0003030256251929613,normal,baseline,0,search
2026-06-11T08:32:27.734248+00:00,0.00016585000000000072,normal,baseline,0,search
2026-06-11T08:32:42.740676+00:00,0.0002829245133723665,normal,baseline,0,search
2026-06-11T08:32:57.748491+00:00,0.00031255079377980115,normal,baseline,0,search
2026-06-11T08:33:12.756590+00:00,0.00021005000000000052,normal,baseline,0,search
2026-06-11T08:33:27.784165+00:00,0.0002888373564728165,normal,baseline,0,search
2026-06-11T08:33:42.838071+00:00,0.0002524702569455384,normal,baseline,0,search
2026-06-11T08:33:57.862767+00:00,0.0002482868512294365,normal,baseline,0,search
2026-06-11T08:34:12.871339+00:00,0.00022681609423786598,normal,baseline,0,search
2026-06-11T08:34:27.881066+00:00,0.0002444569499155889,normal,baseline,0,search
2026-06-11T08:34:42.892264+00:00,0.0002036412301635568,normal,baseline,0,search
2026-06-11T08:34:57.901800+00:00,0.0002151499999999973,normal,baseline,0,search
2026-06-11T08:35:12.912361+00:00,0.0003609781680159728,normal,baseline,0,search
2026-06-11T08:35:27.919302+00:00,0.00027198420606415594,normal,baseline,0,search
2026-06-11T08:35:42.924740+00:00,0.00015272077571669218,normal,baseline,0,search
2026-06-11T08:35:57.928961+00:00,0.00016295814672095363,normal,baseline,0,search
2026-06-11T08:36:12.939696+00:00,0.00016303641614971978,normal,baseline,0,search
2026-06-11T08:36:27.958447+00:00,0.0001609346692205509,normal,baseline,0,search
2026-06-11T08:36:42.969508+00:00,0.000277372262773725,normal,baseline,0,search
2026-06-11T08:36:57.985223+00:00,0.0002809553307008842,normal,baseline,0,search
2026-06-11T08:37:12.998746+00:00,0.00023732872792675062,normal,baseline,0,search
2026-06-11T08:37:28.010118+00:00,0.00019666008124499652,normal,baseline,0,search
2026-06-11T08:37:43.016409+00:00,0.00020149850168900014,normal,baseline,0,search
2026-06-11T08:37:58.046948+00:00,0.0002111890035208365,normal,baseline,0,search
2026-06-11T08:38:13.056967+00:00,0.00019530143045643104,normal,baseline,0,search
2026-06-11T08:38:28.088600+00:00,0.00023606440436156108,normal,baseline,0,search
2026-06-11T08:38:43.101321+00:00,0.00022274685597976448,normal,baseline,0,search
2026-06-11T08:38:58.114302+00:00,0.00031346000960514854,normal,baseline,0,search
2026-06-11T08:39:13.147418+00:00,0.0003586297987193813,normal,baseline,0,search
2026-06-11T08:39:28.185971+00:00,0.00018857584748252281,normal,baseline,0,search
2026-06-11T08:39:43.194325+00:00,0.00028861491426292884,normal,baseline,0,search
2026-06-11T08:39:58.201794+00:00,8.906666666666693e-05,normal,baseline,0,search
2026-06-11T08:40:13.208462+00:00,0.0001760934613632202,normal,baseline,0,search
2026-06-11T08:40:28.250696+00:00,0.0002540678066386616,normal,baseline,0,search
2026-06-11T08:40:43.259035+00:00,0.000199518498152037,normal,baseline,0,search
2026-06-11T08:40:58.266991+00:00,0.0003008427151227865,normal,baseline,0,search
2026-06-11T08:41:13.291722+00:00,7.47666666666665e-05,normal,baseline,0,search
2026-06-11T08:41:28.300824+00:00,0.00021438491894701538,normal,baseline,0,search
2026-06-11T08:41:43.334250+00:00,0.0002338163793523238,normal,baseline,0,search
2026-06-11T08:41:58.359288+00:00,0.000334004119667392,normal,baseline,0,search
2026-06-11T08:42:13.446891+00:00,0.00037802133094170035,normal,baseline,0,search
2026-06-11T08:42:28.457073+00:00,0.0002989645173215023,normal,baseline,0,search
2026-06-11T08:42:43.493762+00:00,0.0002608157698983428,normal,baseline,0,search
2026-06-11T08:42:58.504424+00:00,0.0002208623073853958,normal,baseline,0,search
2026-06-11T08:43:13.523189+00:00,0.0002212309941950933,normal,baseline,0,search
2026-06-11T08:43:28.542879+00:00,0.00024530026021946685,normal,baseline,0,search
2026-06-11T08:43:43.550409+00:00,0.00024214789594663672,normal,baseline,0,search
2026-06-11T08:43:58.568078+00:00,0.00028972809525154515,normal,baseline,0,search
2026-06-11T08:44:13.600077+00:00,0.000299268715103796,normal,baseline,0,search
2026-06-11T08:44:29.913046+00:00,0.0002058836064522356,search_pod_kill,fault,1,search
2026-06-11T08:44:44.941580+00:00,0.0001377232387625345,search_pod_kill,fault,1,search
2026-06-11T08:44:59.946204+00:00,0.0,search_pod_kill,fault,1,search
2026-06-11T08:45:14.958787+00:00,0.0,search_pod_kill,fault,1,search
2026-06-11T08:45:29.965764+00:00,0.0,search_pod_kill,fault,1,search
2026-06-11T08:45:44.992258+00:00,0.0,search_pod_kill,fault,1,search
2026-06-11T08:46:00.005217+00:00,0.0,search_pod_kill,fault,1,search
2026-06-11T08:46:15.021109+00:00,0.0,search_pod_kill,fault,1,search
2026-06-11T08:46:30.048687+00:00,0.0,search_pod_kill,fault,1,search
2026-06-11T08:46:45.058158+00:00,0.0,search_pod_kill,fault,1,search
2026-06-11T08:47:00.083741+00:00,0.0009888935108153078,search_pod_kill,fault,1,search
2026-06-11T08:47:15.091980+00:00,0.00012776666666666677,search_pod_kill,fault,1,search
2026-06-11T08:47:30.101193+00:00,0.00028007100735925373,search_pod_kill,fault,1,search
2026-06-11T08:47:45.110454+00:00,0.0004009094459632875,search_pod_kill,fault,1,search
2026-06-11T08:48:00.123278+00:00,0.00032864864864864875,search_pod_kill,fault,1,search
2026-06-11T08:48:15.141288+00:00,0.0003085214218137586,search_pod_kill,fault,1,search
2026-06-11T08:48:30.153087+00:00,0.0002981671774996444,search_pod_kill,fault,1,search
2026-06-11T08:48:45.173456+00:00,0.00046409762363519563,search_pod_kill,fault,1,search
2026-06-11T08:49:00.188404+00:00,0.0003429174495289365,search_pod_kill,fault,1,search
2026-06-11T08:49:15.232430+00:00,0.00012915433553251681,search_pod_kill,fault,1,search
2026-06-11T08:49:30.243908+00:00,0.00014499999999999976,search_pod_kill,fault,1,search
2026-06-11T08:49:45.263591+00:00,0.0002013748758932523,search_pod_kill,fault,1,search
2026-06-11T08:50:00.280738+00:00,0.0003081144921495067,search_pod_kill,fault,1,search
2026-06-11T08:50:15.284486+00:00,0.0003509210616870456,search_pod_kill,fault,1,search
2026-06-11T08:50:30.295629+00:00,0.0003513379951076082,search_pod_kill,fault,1,search
2026-06-11T08:50:45.324097+00:00,0.000318100116832929,search_pod_kill,fault,1,search
2026-06-11T08:51:00.334027+00:00,0.00035247546346782975,search_pod_kill,fault,1,search
2026-06-11T08:51:15.352950+00:00,0.0004426354503049876,search_pod_kill,fault,1,search
2026-06-11T08:51:30.370500+00:00,0.000422068867723867,search_pod_kill,fault,1,search
2026-06-11T08:51:45.379488+00:00,0.0006814449917898192,search_pod_kill,fault,1,search
2026-06-11T08:52:00.405282+00:00,0.0005973750965038049,search_pod_kill,fault,1,search
2026-06-11T08:52:15.427234+00:00,0.0006367559922947502,search_pod_kill,fault,1,search
2026-06-11T08:52:30.434199+00:00,0.00030970224379767776,search_pod_kill,fault,1,search
2026-06-11T08:52:45.460581+00:00,0.00028114679221418,search_pod_kill,fault,1,search
2026-06-11T08:53:00.470009+00:00,0.00028553208449581525,search_pod_kill,fault,1,search
2026-06-11T08:53:15.479092+00:00,0.0003141867916818996,search_pod_kill,fault,1,search
2026-06-11T08:53:30.485798+00:00,0.00026108987847296787,search_pod_kill,fault,1,search
2026-06-11T08:53:45.511621+00:00,0.0004018120850081054,search_pod_kill,fault,1,search
2026-06-11T08:54:00.522672+00:00,0.00043477757182576454,search_pod_kill,fault,1,search
2026-06-11T08:54:15.535400+00:00,0.0004648192191550197,search_pod_kill,fault,1,search
2026-06-11T08:54:30.541719+00:00,0.00027681950971675316,search_pod_kill,fault,1,search
2026-06-11T08:54:45.554860+00:00,0.00027763027747410094,search_pod_kill,fault,1,search
2026-06-11T08:55:00.571749+00:00,0.0002875204955365279,search_pod_kill,fault,1,search
2026-06-11T08:55:15.604509+00:00,0.00027828506485872204,search_pod_kill,fault,1,search
2026-06-11T08:55:30.616717+00:00,0.00025208041998120185,search_pod_kill,fault,1,search
2026-06-11T08:55:45.627711+00:00,0.00032522247648105764,search_pod_kill,fault,1,search
2026-06-11T08:56:00.639259+00:00,0.0003550216345507807,search_pod_kill,fault,1,search
2026-06-11T08:56:15.646497+00:00,0.0003581737708072738,search_pod_kill,fault,1,search
2026-06-11T08:56:30.653143+00:00,0.0002461118690313779,search_pod_kill,fault,1,search
2026-06-11T08:56:45.658429+00:00,0.0003289395767079726,search_pod_kill,fault,1,search
2026-06-11T08:57:00.685159+00:00,0.00036774665934468206,search_pod_kill,fault,1,search
2026-06-11T08:57:15.698779+00:00,0.00041896978798931116,search_pod_kill,fault,1,search
2026-06-11T08:57:30.708276+00:00,0.0003586733251672471,search_pod_kill,fault,1,search
2026-06-11T08:57:45.713316+00:00,0.0003583662714097506,search_pod_kill,fault,1,search
2026-06-11T08:58:00.724787+00:00,0.0003179801206957759,search_pod_kill,fault,1,search
2026-06-11T08:58:15.736955+00:00,0.00029368662087013426,search_pod_kill,fault,1,search
2026-06-11T08:58:30.751318+00:00,0.00026202698964064976,search_pod_kill,fault,1,search
2026-06-11T08:58:45.775525+00:00,0.00027833626879826594,search_pod_kill,fault,1,search
2026-06-11T08:59:00.779790+00:00,0.0002688975872689947,search_pod_kill,fault,1,search
2026-06-11T08:59:15.787525+00:00,0.00022121180872518813,search_pod_kill,fault,1,search
2026-06-11T08:59:30.810435+00:00,0.00028578403008823976,normal,recovery,1,search
2026-06-11T08:59:45.818607+00:00,0.0003035760511815399,normal,recovery,1,search
2026-06-11T09:00:00.828481+00:00,0.00035978560423583617,normal,recovery,1,search
2026-06-11T09:00:15.841575+00:00,0.0003460655110187558,normal,recovery,1,search
2026-06-11T09:00:30.855836+00:00,0.00022324889964147173,normal,recovery,1,search
2026-06-11T09:00:45.868711+00:00,0.00024386968706211967,normal,recovery,1,search
2026-06-11T09:01:00.880710+00:00,0.0002659832141046586,normal,recovery,1,search
2026-06-11T09:01:15.891315+00:00,0.0002918087639148067,normal,recovery,1,search
2026-06-11T09:01:30.921063+00:00,0.0002789307779599052,normal,recovery,1,search
2026-06-11T09:01:45.928164+00:00,0.00030965601006376574,normal,recovery,1,search
2026-06-11T09:02:00.938674+00:00,0.0003187644229432521,normal,recovery,1,search
2026-06-11T09:02:15.948856+00:00,0.000598512755977576,normal,recovery,1,search
2026-06-11T09:02:30.972145+00:00,0.0006194619347452791,normal,recovery,1,search
2026-06-11T09:02:45.981692+00:00,0.0002833398337883654,normal,recovery,1,search
2026-06-11T09:03:00.994692+00:00,0.0003136101390333871,normal,recovery,1,search
2026-06-11T09:03:16.004900+00:00,0.00033714872830181876,normal,recovery,1,search
2026-06-11T09:03:31.035510+00:00,0.00035380616223655125,normal,recovery,1,search
2026-06-11T09:03:46.064146+00:00,0.00032313290877512265,normal,recovery,1,search
2026-06-11T09:04:01.083738+00:00,0.00032127456765466847,normal,recovery,1,search
2026-06-11T09:04:16.095526+00:00,0.00020183018482490168,normal,recovery,1,search
2026-06-11T09:04:31.107633+00:00,0.00032651503244493334,normal,recovery,1,search
2026-06-11T09:04:46.114986+00:00,0.0002940126371174219,normal,recovery,1,search
2026-06-11T09:05:01.125413+00:00,0.00028261790278781286,normal,recovery,1,search
2026-06-11T09:05:16.158591+00:00,0.0002607863853116702,normal,recovery,1,search
2026-06-11T09:05:31.164223+00:00,0.00026184768578277573,normal,recovery,1,search
2026-06-11T09:05:46.171812+00:00,0.00028784520968291893,normal,recovery,1,search
2026-06-11T09:06:01.187383+00:00,0.0002770281321557072,normal,recovery,1,search
2026-06-11T09:06:16.195060+00:00,0.00031520124334331477,normal,recovery,1,search
2026-06-11T09:06:31.208209+00:00,0.00027874232982923484,normal,recovery,1,search
2026-06-11T09:06:46.237574+00:00,0.0003165245603276032,normal,recovery,1,search
2026-06-11T09:07:01.268759+00:00,0.00029751582801494983,normal,recovery,1,search
2026-06-11T09:07:16.295584+00:00,0.0004407051671732516,normal,recovery,1,search
2026-06-11T09:07:31.319231+00:00,0.0004378934176422,normal,recovery,1,search
2026-06-11T09:07:46.336124+00:00,0.0002795655322230266,normal,recovery,1,search
2026-06-11T09:08:01.342368+00:00,0.000280899795501023,normal,recovery,1,search
2026-06-11T09:08:16.352898+00:00,0.0002547522857750376,normal,recovery,1,search
2026-06-11T09:08:31.373550+00:00,0.0002502739976253539,normal,recovery,1,search
2026-06-11T09:08:46.404554+00:00,0.00022198222777998733,normal,recovery,1,search
2026-06-11T09:09:01.434370+00:00,0.00020537014502583332,normal,recovery,1,search
2026-06-11T09:09:16.440879+00:00,0.00021659797677032628,normal,recovery,1,search
2026-06-11T09:09:31.448058+00:00,0.00025396269375602067,normal,recovery,1,search
2026-06-11T09:09:46.468346+00:00,0.00027380848653829333,normal,recovery,1,search
2026-06-11T09:10:01.473617+00:00,0.0002830417997235587,normal,recovery,1,search
2026-06-11T09:10:16.489349+00:00,0.00023729358251755228,normal,recovery,1,search
2026-06-11T09:10:31.501600+00:00,0.00023778034682081088,normal,recovery,1,search
2026-06-11T09:10:46.506010+00:00,0.00024548542437011065,normal,recovery,1,search
2026-06-11T09:11:01.528924+00:00,0.0002578860503498465,normal,recovery,1,search
2026-06-11T09:11:16.541970+00:00,0.0002600617133216401,normal,recovery,1,search
2026-06-11T09:11:31.554558+00:00,0.0002990968926986064,normal,recovery,1,search
2026-06-11T09:11:46.565356+00:00,0.0004231201115155261,normal,recovery,1,search
2026-06-11T09:12:01.588834+00:00,0.000494421592381812,normal,recovery,1,search
2026-06-11T09:12:16.605435+00:00,0.0004968650282707261,normal,recovery,1,search
2026-06-11T09:12:31.616668+00:00,0.0003844793920523511,normal,recovery,1,search
2026-06-11T09:12:46.626577+00:00,0.0004319530265301742,normal,recovery,1,search
2026-06-11T09:13:01.634365+00:00,0.00037730981103131,normal,recovery,1,search
2026-06-11T09:13:16.644413+00:00,0.00036027475672581444,normal,recovery,1,search
2026-06-11T09:13:31.657267+00:00,0.00031000068201968715,normal,recovery,1,search
2026-06-11T09:13:46.669968+00:00,0.00036338069247114673,normal,recovery,1,search
2026-06-11T09:14:01.679449+00:00,0.00037095971027614527,normal,recovery,1,search
2026-06-11T09:14:16.690337+00:00,0.0003279818874138115,normal,recovery,1,search
2026-06-11T09:14:32.379374+00:00,0.0002774793119882146,search_pod_kill,fault,2,search
2026-06-11T09:14:47.385261+00:00,0.00015983710338214624,search_pod_kill,fault,2,search
2026-06-11T09:15:02.411537+00:00,9.779429367311867e-05,search_pod_kill,fault,2,search
2026-06-11T09:15:17.416114+00:00,0.0,search_pod_kill,fault,2,search
2026-06-11T09:15:32.452065+00:00,0.0,search_pod_kill,fault,2,search
2026-06-11T09:15:47.478333+00:00,0.0,search_pod_kill,fault,2,search
2026-06-11T09:16:02.487386+00:00,0.0,search_pod_kill,fault,2,search
2026-06-11T09:16:17.495508+00:00,0.0,search_pod_kill,fault,2,search
2026-06-11T09:16:32.504070+00:00,0.0,search_pod_kill,fault,2,search
2026-06-11T09:16:47.511078+00:00,0.0,search_pod_kill,fault,2,search
2026-06-11T09:17:02.541091+00:00,0.0,search_pod_kill,fault,2,search
2026-06-11T09:17:17.564931+00:00,0.0,search_pod_kill,fault,2,search
2026-06-11T09:17:32.571953+00:00,0.0,search_pod_kill,fault,2,search
2026-06-11T09:17:47.599318+00:00,0.0,search_pod_kill,fault,2,search
2026-06-11T09:18:02.609316+00:00,0.0,search_pod_kill,fault,2,search
2026-06-11T09:18:17.635608+00:00,0.0,search_pod_kill,fault,2,search
2026-06-11T09:18:32.648957+00:00,0.0,search_pod_kill,fault,2,search
2026-06-11T09:18:47.652999+00:00,0.0,search_pod_kill,fault,2,search
2026-06-11T09:19:02.671261+00:00,0.0,search_pod_kill,fault,2,search
2026-06-11T09:19:17.695647+00:00,0.0,search_pod_kill,fault,2,search
2026-06-11T09:19:32.708096+00:00,0.0,search_pod_kill,fault,2,search
2026-06-11T09:19:47.712585+00:00,0.0,search_pod_kill,fault,2,search
2026-06-11T09:20:02.731019+00:00,0.0,search_pod_kill,fault,2,search
2026-06-11T09:20:17.741026+00:00,0.0,search_pod_kill,fault,2,search
2026-06-11T09:20:32.750961+00:00,0.0,search_pod_kill,fault,2,search
2026-06-11T09:20:47.760036+00:00,0.0,search_pod_kill,fault,2,search
2026-06-11T09:21:02.765772+00:00,0.0,search_pod_kill,fault,2,search
2026-06-11T09:21:17.769662+00:00,0.0,search_pod_kill,fault,2,search
2026-06-11T09:21:32.777002+00:00,0.0,search_pod_kill,fault,2,search
2026-06-11T09:21:47.781723+00:00,0.0,search_pod_kill,fault,2,search
2026-06-11T09:22:02.794012+00:00,0.0,search_pod_kill,fault,2,search
2026-06-11T09:22:17.804004+00:00,0.0,search_pod_kill,fault,2,search
2026-06-11T09:22:32.814449+00:00,0.0,search_pod_kill,fault,2,search
2026-06-11T09:22:47.820206+00:00,0.0,search_pod_kill,fault,2,search
2026-06-11T09:23:02.831615+00:00,0.0,search_pod_kill,fault,2,search
2026-06-11T09:23:17.836463+00:00,0.0,search_pod_kill,fault,2,search
2026-06-11T09:23:32.845257+00:00,0.0,search_pod_kill,fault,2,search
2026-06-11T09:23:47.865793+00:00,0.0,search_pod_kill,fault,2,search
2026-06-11T09:24:02.877084+00:00,0.0,search_pod_kill,fault,2,search
2026-06-11T09:24:17.890728+00:00,0.0,search_pod_kill,fault,2,search
2026-06-11T09:24:32.963402+00:00,0.0,search_pod_kill,fault,2,search
2026-06-11T09:24:47.968356+00:00,0.0,search_pod_kill,fault,2,search
2026-06-11T09:25:02.998177+00:00,0.0,search_pod_kill,fault,2,search
2026-06-11T09:25:18.025270+00:00,0.0,search_pod_kill,fault,2,search
2026-06-11T09:25:33.032563+00:00,0.0,search_pod_kill,fault,2,search
2026-06-11T09:25:48.037376+00:00,0.0,search_pod_kill,fault,2,search
2026-06-11T09:26:03.049319+00:00,0.0,search_pod_kill,fault,2,search
2026-06-11T09:26:18.072260+00:00,0.0,search_pod_kill,fault,2,search
2026-06-11T09:26:33.101785+00:00,0.0,search_pod_kill,fault,2,search
2026-06-11T09:26:48.125871+00:00,0.0,search_pod_kill,fault,2,search
2026-06-11T09:27:03.157652+00:00,0.0,search_pod_kill,fault,2,search
2026-06-11T09:27:18.172078+00:00,0.0,search_pod_kill,fault,2,search
2026-06-11T09:27:33.181998+00:00,0.0,search_pod_kill,fault,2,search
2026-06-11T09:27:48.192502+00:00,0.0,search_pod_kill,fault,2,search
2026-06-11T09:28:03.217663+00:00,0.0,search_pod_kill,fault,2,search
2026-06-11T09:28:18.233447+00:00,0.0,search_pod_kill,fault,2,search
2026-06-11T09:28:33.265144+00:00,0.0,search_pod_kill,fault,2,search
2026-06-11T09:28:48.277812+00:00,0.0,search_pod_kill,fault,2,search
2026-06-11T09:29:03.304616+00:00,0.0,search_pod_kill,fault,2,search
2026-06-11T09:29:18.312654+00:00,0.0,search_pod_kill,fault,2,search
2026-06-11T09:29:33.326289+00:00,0.0,normal,recovery,2,search
2026-06-11T09:29:48.334605+00:00,0.0,normal,recovery,2,search
2026-06-11T09:30:03.347146+00:00,0.0,normal,recovery,2,search
2026-06-11T09:30:18.362288+00:00,0.0,normal,recovery,2,search
2026-06-11T09:30:33.385358+00:00,0.0,normal,recovery,2,search
2026-06-11T09:30:48.396246+00:00,0.0,normal,recovery,2,search
2026-06-11T09:31:03.406561+00:00,0.0,normal,recovery,2,search
2026-06-11T09:31:18.425299+00:00,0.0,normal,recovery,2,search
2026-06-11T09:31:33.438928+00:00,0.0,normal,recovery,2,search
2026-06-11T09:31:48.460756+00:00,0.0004041172772988505,normal,recovery,2,search
2026-06-11T09:32:03.473486+00:00,0.0005656538087565153,normal,recovery,2,search
2026-06-11T09:32:18.481132+00:00,0.0006607361712558217,normal,recovery,2,search
2026-06-11T09:32:33.486523+00:00,0.00047725122559559655,normal,recovery,2,search
2026-06-11T09:32:48.513155+00:00,0.0005326988541017402,normal,recovery,2,search
2026-06-11T09:33:03.530892+00:00,0.00043227463236184796,normal,recovery,2,search
2026-06-11T09:33:18.536074+00:00,0.00041988900009098343,normal,recovery,2,search
2026-06-11T09:33:33.548411+00:00,0.0003540198574840608,normal,recovery,2,search
2026-06-11T09:33:48.580566+00:00,0.00037642653000886976,normal,recovery,2,search
2026-06-11T09:34:03.590843+00:00,0.00030800382217773144,normal,recovery,2,search
2026-06-11T09:34:18.600827+00:00,0.0003742057081313945,normal,recovery,2,search
2026-06-11T09:34:33.606885+00:00,0.00034311057616829763,normal,recovery,2,search
2026-06-11T09:34:48.619305+00:00,0.0003030294854620707,normal,recovery,2,search
2026-06-11T09:35:03.624212+00:00,0.000303372691875702,normal,recovery,2,search
2026-06-11T09:35:18.634043+00:00,0.0003800228527899449,normal,recovery,2,search
2026-06-11T09:35:33.646432+00:00,0.00044111057601708585,normal,recovery,2,search
2026-06-11T09:35:48.662674+00:00,0.0004085991831327961,normal,recovery,2,search
2026-06-11T09:36:03.671867+00:00,0.00034420205004413533,normal,recovery,2,search
2026-06-11T09:36:18.691179+00:00,0.00030173072776808625,normal,recovery,2,search
2026-06-11T09:36:33.703868+00:00,0.00036285124758035327,normal,recovery,2,search
2026-06-11T09:36:48.727323+00:00,0.0004290766208251475,normal,recovery,2,search
2026-06-11T09:37:03.753758+00:00,0.00033425350288320856,normal,recovery,2,search
2026-06-11T09:37:18.766296+00:00,0.0004942513481659223,normal,recovery,2,search
2026-06-11T09:37:33.777166+00:00,0.0005357363502973203,normal,recovery,2,search
2026-06-11T09:37:48.793291+00:00,0.0005832548519934261,normal,recovery,2,search
2026-06-11T09:38:03.803621+00:00,0.00023755927069806618,normal,recovery,2,search
2026-06-11T09:38:18.820334+00:00,0.00037799335187572097,normal,recovery,2,search
2026-06-11T09:38:33.846482+00:00,0.00026936633849193337,normal,recovery,2,search
2026-06-11T09:38:48.855887+00:00,0.0003949887960888165,normal,recovery,2,search
2026-06-11T09:39:03.870029+00:00,0.00033746230710104594,normal,recovery,2,search
2026-06-11T09:39:18.880000+00:00,0.0004286183915603238,normal,recovery,2,search
2026-06-11T09:39:33.902282+00:00,0.0005266097938613801,normal,recovery,2,search
2026-06-11T09:39:48.913811+00:00,0.0002840750000000003,normal,recovery,2,search
2026-06-11T09:40:03.921897+00:00,0.00033806814801206226,normal,recovery,2,search
2026-06-11T09:40:18.926721+00:00,0.0003016386763840479,normal,recovery,2,search
2026-06-11T09:40:33.955357+00:00,0.0003119057396468394,normal,recovery,2,search
2026-06-11T09:40:48.984465+00:00,0.00022495000000000016,normal,recovery,2,search
2026-06-11T09:41:03.994703+00:00,0.00027823460806697127,normal,recovery,2,search
2026-06-11T09:41:19.017510+00:00,0.0004667888873219577,normal,recovery,2,search
2026-06-11T09:41:34.027916+00:00,0.0005766462707889699,normal,recovery,2,search
2026-06-11T09:41:49.056166+00:00,0.000628667456403758,normal,recovery,2,search
2026-06-11T09:42:04.062888+00:00,0.0005998205941255,normal,recovery,2,search
2026-06-11T09:42:19.068076+00:00,0.0005405835772077806,normal,recovery,2,search
2026-06-11T09:42:34.077409+00:00,0.0004217235839767828,normal,recovery,2,search
2026-06-11T09:42:49.089942+00:00,0.00039037832378192015,normal,recovery,2,search
2026-06-11T09:43:04.113794+00:00,0.00036357042583060425,normal,recovery,2,search
2026-06-11T09:43:19.130382+00:00,0.0004011587940685461,normal,recovery,2,search
2026-06-11T09:43:34.158495+00:00,0.00030842463332714763,normal,recovery,2,search
2026-06-11T09:43:49.163287+00:00,0.0004116296036099319,normal,recovery,2,search
2026-06-11T09:44:04.173906+00:00,0.00038374059732051476,normal,recovery,2,search
2026-06-11T09:44:19.178168+00:00,0.0003947891108774401,normal,recovery,2,search
2026-06-11T09:44:34.962341+00:00,0.00029138919702127654,search_pod_kill,fault,3,search
2026-06-11T09:44:49.983884+00:00,0.00028203311361702123,search_pod_kill,fault,3,search
2026-06-11T09:45:05.001671+00:00,0.0001884507402626979,search_pod_kill,fault,3,search
2026-06-11T09:45:20.020782+00:00,0.0,search_pod_kill,fault,3,search
2026-06-11T09:45:35.025375+00:00,0.00035893926514818104,search_pod_kill,fault,3,search
2026-06-11T09:45:50.044440+00:00,0.0005022566995768688,search_pod_kill,fault,3,search
2026-06-11T09:46:05.049804+00:00,0.00039787444899086255,search_pod_kill,fault,3,search
2026-06-11T09:46:20.064553+00:00,0.00036160653965680334,search_pod_kill,fault,3,search
2026-06-11T09:46:35.073099+00:00,0.0003769517935400096,search_pod_kill,fault,3,search
2026-06-11T09:46:50.079241+00:00,0.00032337928294158975,search_pod_kill,fault,3,search
2026-06-11T09:47:05.101482+00:00,0.0004042649727767696,search_pod_kill,fault,3,search
2026-06-11T09:47:20.121547+00:00,0.00048773118734999325,search_pod_kill,fault,3,search
2026-06-11T09:47:35.150540+00:00,0.0004367378048780489,search_pod_kill,fault,3,search
2026-06-11T09:47:50.160385+00:00,0.00036966073767375043,search_pod_kill,fault,3,search
2026-06-11T09:48:05.167346+00:00,0.00038925785028048204,search_pod_kill,fault,3,search
2026-06-11T09:48:20.185017+00:00,0.00046214706794911567,search_pod_kill,fault,3,search
2026-06-11T09:48:35.192453+00:00,0.00043000359647545397,search_pod_kill,fault,3,search
2026-06-11T09:48:50.217717+00:00,0.00042416388713603187,search_pod_kill,fault,3,search
2026-06-11T09:49:05.226831+00:00,0.0003555515140492862,search_pod_kill,fault,3,search
2026-06-11T09:49:20.236072+00:00,0.0002907769294570263,search_pod_kill,fault,3,search
2026-06-11T09:49:35.255331+00:00,0.00028838332084808846,search_pod_kill,fault,3,search
2026-06-11T09:49:50.263021+00:00,0.0006605573363664563,search_pod_kill,fault,3,search
2026-06-11T09:50:05.308378+00:00,0.0006248739340836018,search_pod_kill,fault,3,search
2026-06-11T09:50:20.326198+00:00,0.0006248045581025576,search_pod_kill,fault,3,search
2026-06-11T09:50:35.333054+00:00,0.00054903024821626,search_pod_kill,fault,3,search
2026-06-11T09:50:50.337689+00:00,0.00029386201063215985,search_pod_kill,fault,3,search
2026-06-11T09:51:05.342283+00:00,0.00034256900764152406,search_pod_kill,fault,3,search
2026-06-11T09:51:20.371127+00:00,0.0003601436421061739,search_pod_kill,fault,3,search
2026-06-11T09:51:35.384933+00:00,0.00029901545282649784,search_pod_kill,fault,3,search
2026-06-11T09:51:50.393225+00:00,0.00028529273212469873,search_pod_kill,fault,3,search
2026-06-11T09:52:05.405485+00:00,0.0002895588481828589,search_pod_kill,fault,3,search
2026-06-11T09:52:20.433773+00:00,0.000512216630102809,search_pod_kill,fault,3,search
2026-06-11T09:52:35.441391+00:00,0.0005746036406341751,search_pod_kill,fault,3,search
2026-06-11T09:52:50.468607+00:00,0.0005306278252134605,search_pod_kill,fault,3,search
2026-06-11T09:53:05.480878+00:00,0.00036304643401590433,search_pod_kill,fault,3,search
2026-06-11T09:53:20.492166+00:00,0.00028345337889751246,search_pod_kill,fault,3,search
2026-06-11T09:53:35.501967+00:00,0.00041695836163209877,search_pod_kill,fault,3,search
2026-06-11T09:53:50.517638+00:00,0.00043478623218601466,search_pod_kill,fault,3,search
2026-06-11T09:54:05.526461+00:00,0.0003028493097033187,search_pod_kill,fault,3,search
2026-06-11T09:54:20.537033+00:00,0.0003414321226548924,search_pod_kill,fault,3,search
2026-06-11T09:54:35.541336+00:00,0.00045206334603758774,search_pod_kill,fault,3,search
2026-06-11T09:54:50.553411+00:00,0.0006826802507836994,search_pod_kill,fault,3,search
2026-06-11T09:55:05.560248+00:00,0.0007164540321092455,search_pod_kill,fault,3,search
2026-06-11T09:55:20.571283+00:00,0.0005346042003231019,search_pod_kill,fault,3,search
2026-06-11T09:55:35.580049+00:00,0.000489772100326784,search_pod_kill,fault,3,search
2026-06-11T09:55:50.597384+00:00,0.00035507836532465295,search_pod_kill,fault,3,search
2026-06-11T09:56:05.608660+00:00,0.0004319308357348704,search_pod_kill,fault,3,search
2026-06-11T09:56:20.621868+00:00,0.0005793841348283168,search_pod_kill,fault,3,search
2026-06-11T09:56:35.652663+00:00,0.0004902765241650934,search_pod_kill,fault,3,search
2026-06-11T09:56:50.662299+00:00,0.0005205072790747374,search_pod_kill,fault,3,search
2026-06-11T09:57:05.688415+00:00,0.00028420871390408324,search_pod_kill,fault,3,search
2026-06-11T09:57:20.696678+00:00,0.00025675024309778586,search_pod_kill,fault,3,search
2026-06-11T09:57:35.716856+00:00,0.00034194309998819555,search_pod_kill,fault,3,search
2026-06-11T09:57:50.804415+00:00,0.00039009412914603865,search_pod_kill,fault,3,search
2026-06-11T09:58:05.814487+00:00,0.00034364397616178284,search_pod_kill,fault,3,search
2026-06-11T09:58:20.826697+00:00,0.00022675000000000055,search_pod_kill,fault,3,search
2026-06-11T09:58:35.839620+00:00,0.000308163664227649,search_pod_kill,fault,3,search
2026-06-11T09:58:50.846259+00:00,0.0003524952417819918,search_pod_kill,fault,3,search
2026-06-11T09:59:05.859664+00:00,0.0002739659646445158,search_pod_kill,fault,3,search
2026-06-11T09:59:20.881229+00:00,0.0002871075185571803,search_pod_kill,fault,3,search
2026-06-11T09:59:35.889018+00:00,0.00036963835155592986,normal,recovery,3,search
2026-06-11T09:59:50.895795+00:00,0.0003956047250704567,normal,recovery,3,search
2026-06-11T10:00:05.926663+00:00,0.00024139999999999996,normal,recovery,3,search
2026-06-11T10:00:20.937057+00:00,0.0003873793444603876,normal,recovery,3,search
2026-06-11T10:00:35.943341+00:00,0.0005798405002492179,normal,recovery,3,search
2026-06-11T10:00:50.958291+00:00,0.0004277787152834842,normal,recovery,3,search
2026-06-11T10:01:05.969736+00:00,0.00030252499999999934,normal,recovery,3,search
2026-06-11T10:01:20.999768+00:00,0.00043182728595222536,normal,recovery,3,search
2026-06-11T10:01:36.013324+00:00,0.0003650612331642014,normal,recovery,3,search
2026-06-11T10:01:51.018053+00:00,0.0003391807604653957,normal,recovery,3,search
2026-06-11T10:02:06.027052+00:00,0.00031950409563869826,normal,recovery,3,search
2026-06-11T10:02:21.049891+00:00,0.00038045269878119587,normal,recovery,3,search
2026-06-11T10:02:36.068985+00:00,0.0003500391542678148,normal,recovery,3,search
2026-06-11T10:02:51.092553+00:00,0.00035254574289298693,normal,recovery,3,search
2026-06-11T10:03:06.112106+00:00,0.0003711767127600301,normal,recovery,3,search
2026-06-11T10:03:21.123680+00:00,0.00040327742926641973,normal,recovery,3,search
2026-06-11T10:03:36.136113+00:00,0.00042713524844388394,normal,recovery,3,search
2026-06-11T10:03:51.149152+00:00,0.00040276345195117895,normal,recovery,3,search
2026-06-11T10:04:06.176090+00:00,0.000354990830495152,normal,recovery,3,search
2026-06-11T10:04:21.189158+00:00,0.0004002809885688727,normal,recovery,3,search
2026-06-11T10:04:36.219362+00:00,0.0003544529262086504,normal,recovery,3,search
2026-06-11T10:04:51.230278+00:00,0.0004064453264253645,normal,recovery,3,search
2026-06-11T10:05:06.257586+00:00,0.0002881038327109876,normal,recovery,3,search
2026-06-11T10:05:21.268073+00:00,0.00028661086591482045,normal,recovery,3,search
2026-06-11T10:05:36.278603+00:00,0.0004898138694841766,normal,recovery,3,search
2026-06-11T10:05:51.293413+00:00,0.0005778040576852709,normal,recovery,3,search
2026-06-11T10:06:06.297429+00:00,0.0002848366163194466,normal,recovery,3,search
2026-06-11T10:06:21.308427+00:00,0.0004697552497364424,normal,recovery,3,search
2026-06-11T10:06:36.336550+00:00,0.0005025370804059316,normal,recovery,3,search
2026-06-11T10:06:51.354089+00:00,0.00046010629731035836,normal,recovery,3,search
2026-06-11T10:07:06.360773+00:00,0.000346875994115755,normal,recovery,3,search
2026-06-11T10:07:21.367570+00:00,0.00020562499999999818,normal,recovery,3,search
2026-06-11T10:07:36.379077+00:00,0.00030060973185963374,normal,recovery,3,search
2026-06-11T10:07:51.387033+00:00,0.00027718828050915577,normal,recovery,3,search
2026-06-11T10:08:06.415980+00:00,0.000244181912144703,normal,recovery,3,search
2026-06-11T10:08:21.426257+00:00,0.00048017830045523366,normal,recovery,3,search
2026-06-11T10:08:36.441089+00:00,0.0006009030073369335,normal,recovery,3,search
2026-06-11T10:08:51.452750+00:00,0.0002067418544194126,normal,recovery,3,search
2026-06-11T10:09:06.468088+00:00,0.0003330177119304897,normal,recovery,3,search
2026-06-11T10:09:21.478492+00:00,0.0003814152506739882,normal,recovery,3,search
2026-06-11T10:09:36.518245+00:00,0.00035855542352741636,normal,recovery,3,search
2026-06-11T10:09:51.532984+00:00,0.00022890590113284993,normal,recovery,3,search
2026-06-11T10:10:06.540158+00:00,0.0002759220137389455,normal,recovery,3,search
2026-06-11T10:10:21.552984+00:00,0.0003367450860576451,normal,recovery,3,search
2026-06-11T10:10:36.560276+00:00,0.0004018373596461371,normal,recovery,3,search
2026-06-11T10:10:51.571515+00:00,0.0005385936779242166,normal,recovery,3,search
2026-06-11T10:11:06.584037+00:00,0.0004900279003294885,normal,recovery,3,search
2026-06-11T10:11:21.667619+00:00,0.0005313743883578851,normal,recovery,3,search
2026-06-11T10:11:36.675729+00:00,0.0003182555595624466,normal,recovery,3,search
2026-06-11T10:11:51.687591+00:00,0.0004030426501434526,normal,recovery,3,search
2026-06-11T10:12:06.700884+00:00,0.0003739837398374013,normal,recovery,3,search
2026-06-11T10:12:21.718550+00:00,0.0003009135701088047,normal,recovery,3,search
2026-06-11T10:12:36.734473+00:00,0.00032836364258748396,normal,recovery,3,search
2026-06-11T10:12:51.744427+00:00,0.0003524035402325439,normal,recovery,3,search
2026-06-11T10:13:06.754531+00:00,0.00029175458957585957,normal,recovery,3,search
2026-06-11T10:13:21.765221+00:00,0.00034003103595890623,normal,recovery,3,search
2026-06-11T10:13:36.777635+00:00,0.00032740213523131754,normal,recovery,3,search
2026-06-11T10:13:51.817858+00:00,0.0003382957327736975,normal,recovery,3,search
2026-06-11T10:14:06.874995+00:00,0.00031692110209508104,normal,recovery,3,search
2026-06-11T10:14:21.883545+00:00,0.00047667780562517486,normal,recovery,3,search
2026-06-11T10:14:37.966597+00:00,0.00041736903872826247,search_pod_kill,fault,4,search
2026-06-11T10:14:52.987991+00:00,0.00036158383458010285,search_pod_kill,fault,4,search
2026-06-11T10:15:08.001773+00:00,0.0001367191507430994,search_pod_kill,fault,4,search
2026-06-11T10:15:23.011878+00:00,0.00018624492350249303,search_pod_kill,fault,4,search
2026-06-11T10:15:38.041518+00:00,0.0004929806163526269,search_pod_kill,fault,4,search
2026-06-11T10:15:53.065067+00:00,0.0004787072994142041,search_pod_kill,fault,4,search
2026-06-11T10:16:08.077632+00:00,0.000309542749864766,search_pod_kill,fault,4,search
2026-06-11T10:16:23.102840+00:00,0.0003733073749055616,search_pod_kill,fault,4,search
2026-06-11T10:16:38.113053+00:00,0.0003914981260762398,search_pod_kill,fault,4,search
2026-06-11T10:16:53.117674+00:00,0.00029497641363523887,search_pod_kill,fault,4,search
2026-06-11T10:17:08.125404+00:00,0.00039778304484186847,search_pod_kill,fault,4,search
2026-06-11T10:17:23.152617+00:00,0.0003746818798778419,search_pod_kill,fault,4,search
2026-06-11T10:17:38.171709+00:00,0.0003677421294765009,search_pod_kill,fault,4,search
2026-06-11T10:17:53.205762+00:00,0.0003855181188031937,search_pod_kill,fault,4,search
2026-06-11T10:18:08.210655+00:00,0.0003298328778459441,search_pod_kill,fault,4,search
2026-06-11T10:18:23.221131+00:00,0.00028506436983395515,search_pod_kill,fault,4,search
2026-06-11T10:18:38.230040+00:00,0.0002722129717729149,search_pod_kill,fault,4,search
2026-06-11T10:18:53.235511+00:00,0.000333274037178689,search_pod_kill,fault,4,search
2026-06-11T10:19:08.285996+00:00,0.00037579691665700726,search_pod_kill,fault,4,search
2026-06-11T10:19:23.290831+00:00,0.0003702981612827321,search_pod_kill,fault,4,search
2026-06-11T10:19:38.295357+00:00,0.0005995096299641897,search_pod_kill,fault,4,search
2026-06-11T10:19:53.301042+00:00,0.000498945969478942,search_pod_kill,fault,4,search
2026-06-11T10:20:08.325321+00:00,0.00028322500000000007,search_pod_kill,fault,4,search
2026-06-11T10:20:23.339514+00:00,0.00046914014063073487,search_pod_kill,fault,4,search
2026-06-11T10:20:38.344466+00:00,0.0006258047901107385,search_pod_kill,fault,4,search
2026-06-11T10:20:53.374684+00:00,0.0003342794697851319,search_pod_kill,fault,4,search
2026-06-11T10:21:08.391442+00:00,0.0003241592082353303,search_pod_kill,fault,4,search
2026-06-11T10:21:23.402398+00:00,0.0003080350039777254,search_pod_kill,fault,4,search
2026-06-11T10:21:38.408019+00:00,0.000302509263472665,search_pod_kill,fault,4,search
2026-06-11T10:21:53.418639+00:00,0.0003070595539000487,search_pod_kill,fault,4,search
2026-06-11T10:22:08.428032+00:00,0.0004132945575405068,search_pod_kill,fault,4,search
2026-06-11T10:22:23.438144+00:00,0.00030189477840807897,search_pod_kill,fault,4,search
2026-06-11T10:22:38.454736+00:00,0.00036180706922274967,search_pod_kill,fault,4,search
2026-06-11T10:22:53.464163+00:00,0.0003205153487149149,search_pod_kill,fault,4,search
2026-06-11T10:23:08.471482+00:00,0.0002895690160353735,search_pod_kill,fault,4,search
2026-06-11T10:23:23.481694+00:00,0.00019424999999999998,search_pod_kill,fault,4,search
2026-06-11T10:23:38.499072+00:00,0.00035258875054042374,search_pod_kill,fault,4,search
2026-06-11T10:23:53.510315+00:00,0.0003246413775600107,search_pod_kill,fault,4,search
2026-06-11T10:24:08.523206+00:00,0.00036630588802797693,search_pod_kill,fault,4,search
2026-06-11T10:24:23.537400+00:00,0.0004858648499141112,search_pod_kill,fault,4,search
2026-06-11T10:24:38.541802+00:00,0.0002995250000000005,search_pod_kill,fault,4,search
2026-06-11T10:24:53.569413+00:00,0.00033697477455794814,search_pod_kill,fault,4,search
2026-06-11T10:25:08.591136+00:00,0.0004090024139944318,search_pod_kill,fault,4,search
2026-06-11T10:25:23.604559+00:00,0.0005737085102810073,search_pod_kill,fault,4,search
2026-06-11T10:25:38.613794+00:00,0.0004809334815049997,search_pod_kill,fault,4,search
2026-06-11T10:25:53.623132+00:00,0.0003793751929716219,search_pod_kill,fault,4,search
2026-06-11T10:26:08.636054+00:00,0.0003927503031936397,search_pod_kill,fault,4,search
2026-06-11T10:26:23.641579+00:00,0.0002805891422979933,search_pod_kill,fault,4,search
2026-06-11T10:26:38.654795+00:00,0.00028247416027243324,search_pod_kill,fault,4,search
2026-06-11T10:26:53.666411+00:00,0.00034335263396911966,search_pod_kill,fault,4,search
2026-06-11T10:27:08.685252+00:00,0.00036856800957319456,search_pod_kill,fault,4,search
2026-06-11T10:27:23.689701+00:00,0.00042067579805297767,search_pod_kill,fault,4,search
2026-06-11T10:27:38.714972+00:00,0.00040848012470771634,search_pod_kill,fault,4,search
2026-06-11T10:27:53.738617+00:00,0.0003882491332342743,search_pod_kill,fault,4,search
2026-06-11T10:28:08.748261+00:00,0.0002673742364206702,search_pod_kill,fault,4,search
2026-06-11T10:28:23.756572+00:00,0.0003461206961115541,search_pod_kill,fault,4,search
2026-06-11T10:28:38.766895+00:00,0.0004341658393855477,search_pod_kill,fault,4,search
2026-06-11T10:28:53.777845+00:00,0.0003305250946054188,search_pod_kill,fault,4,search
2026-06-11T10:29:08.786490+00:00,0.000282897853892583,search_pod_kill,fault,4,search
2026-06-11T10:29:23.811319+00:00,0.0003329073122418324,search_pod_kill,fault,4,search
2026-06-11T10:29:38.826837+00:00,0.0002859570423892099,normal,recovery,4,search
2026-06-11T10:29:53.844877+00:00,0.0002450174680134693,normal,recovery,4,search
2026-06-11T10:30:08.852197+00:00,0.0003352062276351307,normal,recovery,4,search
2026-06-11T10:30:23.862805+00:00,0.0005112198579582728,normal,recovery,4,search
2026-06-11T10:30:38.888989+00:00,0.0005193151330081711,normal,recovery,4,search
2026-06-11T10:30:53.899555+00:00,0.00039158390106432437,normal,recovery,4,search
2026-06-11T10:31:08.912795+00:00,0.00033750976882547236,normal,recovery,4,search
2026-06-11T10:31:23.926749+00:00,0.0002616533539907386,normal,recovery,4,search
2026-06-11T10:31:38.937554+00:00,0.00024141987626825076,normal,recovery,4,search
2026-06-11T10:31:53.942663+00:00,0.00023358663178629435,normal,recovery,4,search
2026-06-11T10:32:08.961571+00:00,0.0002715586502410274,normal,recovery,4,search
2026-06-11T10:32:23.971068+00:00,0.00039955668144395245,normal,recovery,4,search
2026-06-11T10:32:38.983656+00:00,0.0003750871978405271,normal,recovery,4,search
2026-06-11T10:32:53.997384+00:00,0.0003704966426210425,normal,recovery,4,search
2026-06-11T10:33:09.005417+00:00,0.0002248942840372168,normal,recovery,4,search
2026-06-11T10:33:24.012949+00:00,0.000256485087104282,normal,recovery,4,search
2026-06-11T10:33:39.018275+00:00,0.00034744137628753014,normal,recovery,4,search
2026-06-11T10:33:54.045938+00:00,0.000264927052708251,normal,recovery,4,search
2026-06-11T10:34:09.052581+00:00,0.00023500541095198516,normal,recovery,4,search
2026-06-11T10:34:24.057083+00:00,0.00028349758481605524,normal,recovery,4,search
2026-06-11T10:34:39.065565+00:00,0.00026978147780093025,normal,recovery,4,search
2026-06-11T10:34:54.095170+00:00,0.00023503327464422045,normal,recovery,4,search
2026-06-11T10:35:09.117083+00:00,0.0002407444758649883,normal,recovery,4,search
2026-06-11T10:35:24.127878+00:00,0.0004105293668151047,normal,recovery,4,search
2026-06-11T10:35:39.165907+00:00,0.0005355250381467599,normal,recovery,4,search
2026-06-11T10:35:54.188377+00:00,0.0002809000000000006,normal,recovery,4,search
2026-06-11T10:36:09.197237+00:00,0.0004224179653470145,normal,recovery,4,search
2026-06-11T10:36:24.227781+00:00,0.00035717371041444127,normal,recovery,4,search
2026-06-11T10:36:39.240491+00:00,0.00030782837876206615,normal,recovery,4,search
2026-06-11T10:36:54.248254+00:00,0.00037500787302386957,normal,recovery,4,search
2026-06-11T10:37:09.258073+00:00,0.0003295261468755885,normal,recovery,4,search
2026-06-11T10:37:24.268814+00:00,0.00022616923157894956,normal,recovery,4,search
2026-06-11T10:37:39.276325+00:00,0.00028706350366229384,normal,recovery,4,search
2026-06-11T10:37:54.314974+00:00,0.00033100643104490583,normal,recovery,4,search
2026-06-11T10:38:09.327479+00:00,0.0002528460068605005,normal,recovery,4,search
2026-06-11T10:38:24.336842+00:00,0.0003669870421658092,normal,recovery,4,search
2026-06-11T10:38:39.348941+00:00,0.000384133605484474,normal,recovery,4,search
2026-06-11T10:38:54.360157+00:00,0.0002915391870454449,normal,recovery,4,search
2026-06-11T10:39:09.389955+00:00,0.00021489181992516142,normal,recovery,4,search
2026-06-11T10:39:24.422750+00:00,0.00020511475943266864,normal,recovery,4,search
2026-06-11T10:39:39.456849+00:00,0.00029843782708000933,normal,recovery,4,search
2026-06-11T10:39:54.467193+00:00,0.0003141140955132987,normal,recovery,4,search
2026-06-11T10:40:09.474871+00:00,0.0002729840953457299,normal,recovery,4,search
2026-06-11T10:40:24.483810+00:00,0.00023708107212719974,normal,recovery,4,search
2026-06-11T10:40:39.514848+00:00,0.0002662439107548757,normal,recovery,4,search
2026-06-11T10:40:54.542256+00:00,0.00045381699534571113,normal,recovery,4,search
2026-06-11T10:41:09.574414+00:00,0.0004556531758605789,normal,recovery,4,search
2026-06-11T10:41:24.601113+00:00,0.00036249571904480433,normal,recovery,4,search
2026-06-11T10:41:39.615130+00:00,0.0002558419265076761,normal,recovery,4,search
2026-06-11T10:41:54.648460+00:00,0.0003727812603101269,normal,recovery,4,search
2026-06-11T10:42:09.657076+00:00,0.0003730720496351618,normal,recovery,4,search
2026-06-11T10:42:24.671313+00:00,0.00035869051128033295,normal,recovery,4,search
2026-06-11T10:42:39.679008+00:00,0.0004634404891036389,normal,recovery,4,search
2026-06-11T10:42:54.690530+00:00,0.00040683446400272493,normal,recovery,4,search
2026-06-11T10:43:09.697394+00:00,0.00033111237653917186,normal,recovery,4,search
2026-06-11T10:43:24.706241+00:00,0.00040699953747549777,normal,recovery,4,search
2026-06-11T10:43:39.733026+00:00,0.0004018310654041528,normal,recovery,4,search
2026-06-11T10:43:54.743948+00:00,0.0001993250000000002,normal,recovery,4,search
2026-06-11T10:44:09.756511+00:00,0.0002477439588688937,normal,recovery,4,search
2026-06-11T10:44:24.782696+00:00,0.0003568334456964502,normal,recovery,4,search
2026-06-11T10:44:39.797371+00:00,0.00045760451010495135,normal,tail,0,search
2026-06-11T10:44:54.818521+00:00,0.0002462812674821518,normal,tail,0,search
2026-06-11T10:45:09.874399+00:00,0.0003742260190059943,normal,tail,0,search
2026-06-11T10:45:24.880370+00:00,0.00034189217984231785,normal,tail,0,search
2026-06-11T10:45:39.888142+00:00,0.0002017927386574188,normal,tail,0,search
2026-06-11T10:45:54.930322+00:00,0.0001781583569817348,normal,tail,0,search
2026-06-11T10:46:09.953224+00:00,0.00020013393199923155,normal,tail,0,search
2026-06-11T10:46:24.970655+00:00,0.00035477704184574114,normal,tail,0,search
2026-06-11T10:46:40.006983+00:00,0.0003328895735047346,normal,tail,0,search
2026-06-11T10:46:55.027678+00:00,0.00027979020853858807,normal,tail,0,search
2026-06-11T10:47:10.035347+00:00,0.00031562608796564844,normal,tail,0,search
2026-06-11T10:47:25.053617+00:00,0.0002665741369636479,normal,tail,0,search
2026-06-11T10:47:40.079471+00:00,0.00017588109922641145,normal,tail,0,search
2026-06-11T10:47:55.107761+00:00,0.0001428999999999986,normal,tail,0,search
2026-06-11T10:48:10.137153+00:00,0.00014154615935585944,normal,tail,0,search
2026-06-11T10:48:25.147058+00:00,0.00017890377159087255,normal,tail,0,search
2026-06-11T10:48:40.165542+00:00,0.0004362716153521714,normal,tail,0,search
2026-06-11T10:48:55.187363+00:00,0.0003616823844108678,normal,tail,0,search
2026-06-11T10:49:10.204735+00:00,0.0002671509939734261,normal,tail,0,search
2026-06-11T10:49:25.224776+00:00,0.0002520391773785162,normal,tail,0,search
2026-06-11T10:49:40.247743+00:00,0.0002284380918644929,normal,tail,0,search
2026-06-11T10:49:55.270163+00:00,0.00025609579634538565,normal,tail,0,search
2026-06-11T10:50:10.298932+00:00,0.0003071702651623631,normal,tail,0,search
2026-06-11T10:50:25.319441+00:00,0.0002825699794338253,normal,tail,0,search
2026-06-11T10:50:40.330265+00:00,0.00037046817406612847,normal,tail,0,search
2026-06-11T10:50:55.342940+00:00,0.00026496350225173207,normal,tail,0,search
2026-06-11T10:51:10.348702+00:00,0.00041876478689219086,normal,tail,0,search
2026-06-11T10:51:25.375040+00:00,0.00040097383954615346,normal,tail,0,search
2026-06-11T10:51:40.389887+00:00,0.00038253617363344096,normal,tail,0,search
2026-06-11T10:51:55.413043+00:00,0.0003031134073918815,normal,tail,0,search
2026-06-11T10:52:10.426434+00:00,0.00033096107955145435,normal,tail,0,search
2026-06-11T10:52:25.449448+00:00,0.0003920507474604095,normal,tail,0,search
2026-06-11T10:52:40.458447+00:00,0.00039446263397641986,normal,tail,0,search
2026-06-11T10:52:55.469696+00:00,0.00031179283956932647,normal,tail,0,search
2026-06-11T10:53:10.478233+00:00,0.0002407047347404433,normal,tail,0,search
2026-06-11T10:53:25.489607+00:00,0.00020814023146588834,normal,tail,0,search
2026-06-11T10:53:40.498004+00:00,0.0002793706373206623,normal,tail,0,search
2026-06-11T10:53:55.508265+00:00,0.0002770548687920192,normal,tail,0,search
2026-06-11T10:54:10.530340+00:00,0.00014200000000000047,normal,tail,0,search
2026-06-11T10:54:25.541025+00:00,0.00019837683426882256,normal,tail,0,search
2026-06-11T10:54:40.553253+00:00,0.00030714122782599096,normal,tail,0,search
2026-06-11T10:54:55.570481+00:00,0.00034124241517237696,normal,tail,0,search
2026-06-11T10:55:10.594634+00:00,0.00025358748037039006,normal,tail,0,search
2026-06-11T10:55:25.612048+00:00,0.00017127250905062938,normal,tail,0,search
2026-06-11T10:55:40.620744+00:00,0.0002601082526470148,normal,tail,0,search
2026-06-11T10:55:55.642407+00:00,0.00032205579097645547,normal,tail,0,search
2026-06-11T10:56:10.731799+00:00,0.00021863333333333273,normal,tail,0,search
